SET SQL_MODE = "NO_AUTO_VALUE_ON_ZERO";
START TRANSACTION;
SET time_zone = "+00:00";

DROP DATABASE IF EXISTS facultrack_db;
CREATE DATABASE facultrack_db;
USE facultrack_db;

CREATE TABLE `users` (
  `user_id` int(11) NOT NULL AUTO_INCREMENT,
  `username` varchar(50) NOT NULL,
  `password` varchar(255) NOT NULL,
  `full_name` varchar(100) NOT NULL,
  `role` enum('faculty','program_chair','campus_director','class') NOT NULL,
  `created_at` timestamp NOT NULL DEFAULT current_timestamp(),
  `updated_at` timestamp NOT NULL DEFAULT current_timestamp() ON UPDATE current_timestamp(),
  `is_active` tinyint(1) DEFAULT 1,
  PRIMARY KEY (`user_id`),
  UNIQUE KEY `username` (`username`)
) ENGINE=InnoDB DEFAULT CHARSET=utf8mb4 COLLATE=utf8mb4_general_ci;

CREATE TABLE `faculty` (
  `faculty_id` int(11) NOT NULL AUTO_INCREMENT,
  `user_id` int(11) NOT NULL,
  `employee_id` varchar(20) DEFAULT NULL,
  `program` varchar(100) DEFAULT NULL,
  `current_location` varchar(255) DEFAULT 'Not Available',
  `last_location_update` timestamp NOT NULL DEFAULT current_timestamp(),
  `last_activity` timestamp NOT NULL DEFAULT current_timestamp(),
  `office_hours` varchar(100) DEFAULT NULL,
  `contact_email` varchar(100) DEFAULT NULL,
  `contact_phone` varchar(20) DEFAULT NULL,
  `status` enum('Available','In Meeting','On Leave') DEFAULT 'Available',
  `created_at` timestamp NOT NULL DEFAULT current_timestamp(),
  `updated_at` timestamp NOT NULL DEFAULT current_timestamp() ON UPDATE current_timestamp(),
  `is_active` tinyint(1) DEFAULT 0,
  PRIMARY KEY (`faculty_id`),
  UNIQUE KEY `employee_id` (`employee_id`),
  KEY `user_id` (`user_id`),
  KEY `idx_faculty_activity` (`is_active`, `last_activity`),
  FOREIGN KEY (`user_id`) REFERENCES `users`(`user_id`)
) ENGINE=InnoDB DEFAULT CHARSET=utf8mb4 COLLATE=utf8mb4_general_ci;

CREATE TABLE `classes` (
  `class_id` int(11) NOT NULL AUTO_INCREMENT,
  `user_id` int(11) NOT NULL,
  `class_code` varchar(20) NOT NULL,
  `class_name` varchar(100) NOT NULL,
  `year_level` int(11) NOT NULL,
  `semester` enum('1st','2nd','Summer') NOT NULL,
  `academic_year` varchar(10) NOT NULL,
  `program_chair_id` int(11) NOT NULL,
  `created_at` timestamp NOT NULL DEFAULT current_timestamp(),
  `updated_at` timestamp NOT NULL DEFAULT current_timestamp() ON UPDATE current_timestamp(),
  `is_active` tinyint(1) DEFAULT 1,
  PRIMARY KEY (`class_id`),
  UNIQUE KEY `class_code` (`class_code`),
  KEY `user_id` (`user_id`),
  KEY `program_chair_id` (`program_chair_id`),
  FOREIGN KEY (`user_id`) REFERENCES `users`(`user_id`),
  FOREIGN KEY (`program_chair_id`) REFERENCES `users`(`user_id`)
) ENGINE=InnoDB DEFAULT CHARSET=utf8mb4 COLLATE=utf8mb4_general_ci;

CREATE TABLE `programs` (
  `program_id` int(11) NOT NULL AUTO_INCREMENT,
  `program_code` varchar(20) NOT NULL,
  `program_name` varchar(100) NOT NULL,
  `program_description` text,
  `is_active` tinyint(1) DEFAULT 1,
  `created_at` timestamp NOT NULL DEFAULT current_timestamp(),
  `updated_at` timestamp NOT NULL DEFAULT current_timestamp() ON UPDATE current_timestamp(),
  PRIMARY KEY (`program_id`),
  UNIQUE KEY `program_code` (`program_code`)
) ENGINE=InnoDB DEFAULT CHARSET=utf8mb4 COLLATE=utf8mb4_general_ci;

CREATE TABLE `courses` (
  `course_id` int(11) NOT NULL AUTO_INCREMENT,
  `course_code` varchar(20) NOT NULL,
  `course_description` varchar(255) NOT NULL,
  `units` decimal(3,2) NOT NULL,
  `program_id` int(11) DEFAULT NULL,
  `created_at` timestamp NOT NULL DEFAULT current_timestamp(),
  `updated_at` timestamp NOT NULL DEFAULT current_timestamp() ON UPDATE current_timestamp(),
  `is_active` tinyint(1) DEFAULT 1,
  PRIMARY KEY (`course_id`),
  UNIQUE KEY `course_code` (`course_code`),
  KEY `fk_courses_program` (`program_id`),
  CONSTRAINT `fk_courses_program` FOREIGN KEY (`program_id`) REFERENCES `programs` (`program_id`)
) ENGINE=InnoDB DEFAULT CHARSET=utf8mb4 COLLATE=utf8mb4_general_ci;

CREATE TABLE `schedules` (
  `schedule_id` int(11) NOT NULL AUTO_INCREMENT,
  `course_code` varchar(20) NOT NULL,
  `class_id` int(11) NOT NULL,
  `faculty_id` int(11) NOT NULL,
  `section` varchar(10) DEFAULT NULL,
  `days` enum('M','T','W','TH','F','S','MW','MF','WF','MWF','TTH','MTWTHF','SAT') NOT NULL,
  `time_start` time NOT NULL,
  `time_end` time NOT NULL,
  `room` varchar(50) DEFAULT NULL,
  `semester` enum('1st','2nd','Summer') NOT NULL,
  `academic_year` varchar(10) NOT NULL,
  `created_at` timestamp NOT NULL DEFAULT current_timestamp(),
  `updated_at` timestamp NOT NULL DEFAULT current_timestamp() ON UPDATE current_timestamp(),
  `is_active` tinyint(1) DEFAULT 1,
  PRIMARY KEY (`schedule_id`),
  KEY `course_code` (`course_code`),
  KEY `class_id` (`class_id`),
  KEY `faculty_id` (`faculty_id`),
  FOREIGN KEY (`course_code`) REFERENCES `courses`(`course_code`),
  FOREIGN KEY (`class_id`) REFERENCES `classes`(`class_id`),
  FOREIGN KEY (`faculty_id`) REFERENCES `faculty`(`faculty_id`)
) ENGINE=InnoDB DEFAULT CHARSET=utf8mb4 COLLATE=utf8mb4_general_ci;

CREATE TABLE `curriculum` (
  `curriculum_id` int(11) NOT NULL AUTO_INCREMENT,
  `course_code` varchar(20) NOT NULL,
  `year_level` int(11) NOT NULL,
  `semester` enum('1st','2nd','Summer') NOT NULL,
  `program_chair_id` int(11) NOT NULL,
  `created_at` timestamp NOT NULL DEFAULT current_timestamp(),
  `updated_at` timestamp NOT NULL DEFAULT current_timestamp() ON UPDATE current_timestamp(),
  `is_active` tinyint(1) DEFAULT 1,
  PRIMARY KEY (`curriculum_id`),
  KEY `course_code` (`course_code`),
  KEY `program_chair_id` (`program_chair_id`),
  KEY `idx_curriculum_year_sem` (`year_level`, `semester`),
  KEY `idx_curriculum_active` (`is_active`),
  FOREIGN KEY (`course_code`) REFERENCES `courses`(`course_code`),
  FOREIGN KEY (`program_chair_id`) REFERENCES `users`(`user_id`)
) ENGINE=InnoDB DEFAULT CHARSET=utf8mb4 COLLATE=utf8mb4_general_ci;

CREATE TABLE `announcements` (
  `announcement_id` int(11) NOT NULL AUTO_INCREMENT,
  `title` varchar(255) NOT NULL,
  `content` text NOT NULL,
  `priority` enum('high','medium','low') DEFAULT 'medium',
  `target_audience` enum('all','faculty','classes','program_chairs') DEFAULT 'all',
  `created_by` int(11) NOT NULL,
  `created_at` timestamp NOT NULL DEFAULT current_timestamp(),
  `updated_at` timestamp NOT NULL DEFAULT current_timestamp() ON UPDATE current_timestamp(),
  `is_active` tinyint(1) DEFAULT 1,
  PRIMARY KEY (`announcement_id`),
  KEY `created_by` (`created_by`),
  FOREIGN KEY (`created_by`) REFERENCES `users`(`user_id`)
) ENGINE=InnoDB DEFAULT CHARSET=utf8mb4 COLLATE=utf8mb4_general_ci;

CREATE TABLE `location_history` (
  `location_history_id` int(11) NOT NULL AUTO_INCREMENT,
  `faculty_id` int(11) NOT NULL,
  `location` varchar(255) NOT NULL,
  `time_set` timestamp NOT NULL DEFAULT current_timestamp(),
  `time_changed` timestamp NULL DEFAULT NULL,
  PRIMARY KEY (`location_history_id`),
  KEY `faculty_id` (`faculty_id`),
  KEY `idx_location_time_set` (`time_set`),
  KEY `idx_location_time_changed` (`time_changed`),
  KEY `idx_location_faculty_time` (`faculty_id`, `time_set`),
  KEY `idx_location_active` (`faculty_id`, `time_changed`),
  FOREIGN KEY (`faculty_id`) REFERENCES `faculty`(`faculty_id`) ON DELETE CASCADE
) ENGINE=InnoDB DEFAULT CHARSET=utf8mb4 COLLATE=utf8mb4_general_ci;

INSERT INTO `users` VALUES 
(1, 'admin', 'admin123', 'Campus Director', 'campus_director', NOW(), NOW(), 1),
(2, 'chair_it', 'chair123', 'Dr. Information Technology Chair', 'program_chair', NOW(), NOW(), 1),
(3, 'chair_is', 'chair123', 'Dr. Information Systems Chair', 'program_chair', NOW(), NOW(), 1),
(4, 'alexis.apresto', 'prof123', 'Prof. Alexis Apresto', 'faculty', NOW(), NOW(), 1),
(5, 'benedict.rabut', 'prof123', 'Prof. Benedict Rabut', 'faculty', NOW(), NOW(), 1),
(6, 'cecilia.gener', 'prof123', 'Prof. Cecilia Gener', 'faculty', NOW(), NOW(), 1),
(7, 'cerilo.rubin', 'prof123', 'Prof. Cerilo Rubin Jr.', 'faculty', NOW(), NOW(), 1),
(8, 'cyrus.rael', 'prof123', 'Prof. Cyrus Rael', 'faculty', NOW(), NOW(), 1),
(9, 'elbren.antonio', 'prof123', 'Prof. Elbren Antonio', 'faculty', NOW(), NOW(), 1),
(10, 'elmer.buenavides', 'prof123', 'Prof. Elmer Buenavides', 'faculty', NOW(), NOW(), 1),
(11, 'esnehara.bagundang', 'prof123', 'Prof. Esnehara Bagundang', 'faculty', NOW(), NOW(), 1),
(12, 'florlyn.remegio', 'prof123', 'Prof. Florlyn Remegio', 'faculty', NOW(), NOW(), 1),
(13, 'gerold.delapena', 'prof123', 'Prof. Gerold Dela Peña', 'faculty', NOW(), NOW(), 1),
(14, 'gregorio.ilao', 'prof123', 'Prof. Gregorio Ilao', 'faculty', NOW(), NOW(), 1),
(15, 'ivy.madriaga', 'prof123', 'Prof. Ivy Lynn Madriaga', 'faculty', NOW(), NOW(), 1),
(16, 'jaymark.arendain', 'prof123', 'Prof. Jaymark Arendain', 'faculty', NOW(), NOW(), 1),
(17, 'joe.selayro', 'prof123', 'Prof. Joe Selayro', 'faculty', NOW(), NOW(), 1),
(18, 'kristine.ampas', 'prof123', 'Prof. Kristine Mae Ampas', 'faculty', NOW(), NOW(), 1),
(19, 'kyrene.dizon', 'prof123', 'Prof. Kyrene Dizon', 'faculty', NOW(), NOW(), 1),
(20, 'marhodora.gallo', 'prof123', 'Prof. Ma. Rhodora Gallo', 'faculty', NOW(), NOW(), 1),
(21, 'markjovic.daday', 'prof123', 'Prof. Mark Jovic Daday', 'faculty', NOW(), NOW(), 1),
(22, 'marygrace.perocho', 'prof123', 'Prof. Mary Grace Perocho', 'faculty', NOW(), NOW(), 1),
(23, 'romaamor.prades', 'prof123', 'Prof. Roma Amor Prades', 'faculty', NOW(), NOW(), 1),
(24, 'velessa.dulin', 'prof123', 'Prof. Velessa Jane Dulin', 'faculty', NOW(), NOW(), 1),
(25, 'zius.apresto', 'prof123', 'Prof. Zius Apresto', 'faculty', NOW(), NOW(), 1),
(26, 'charlu.pemintel', 'prof123', 'Prof. Charlu Pemintel', 'faculty', NOW(), NOW(), 1),
(27, 'doreen.tampus', 'prof123', 'Prof. Doreen Tampus', 'faculty', NOW(), NOW(), 1),
(28, 'edralin.mesias', 'prof123', 'Prof. Edralin Mesias', 'faculty', NOW(), NOW(), 1),
(29, 'eulogio.apellido', 'prof123', 'Prof. Eulogio Apellido', 'faculty', NOW(), NOW(), 1),
(30, 'johnty.ventilacion', 'prof123', 'Prof. Johnty Ventilacion', 'faculty', NOW(), NOW(), 1),
(31, 'lowell.espinosa', 'prof123', 'Prof. Lowell Espinosa', 'faculty', NOW(), NOW(), 1),
(32, 'maryrolanne.fuentes', 'prof123', 'Prof. Mary Rolanne Fuentes', 'faculty', NOW(), NOW(), 1),
(33, 'marygrace.bialen', 'prof123', 'Prof. Mary Grace Bialen', 'faculty', NOW(), NOW(), 1),
(34, 'maryjoy.carnazo', 'prof123', 'Prof. Mary Joy Carnazo', 'faculty', NOW(), NOW(), 1),
(35, 'may.gallano', 'prof123', 'Prof. May Gallano', 'faculty', NOW(), NOW(), 1),
(36, 'nora.moya', 'prof123', 'Prof. Nora Moya', 'faculty', NOW(), NOW(), 1),
(37, 'pal.salvador', 'prof123', 'Prof. Pal Salvador', 'faculty', NOW(), NOW(), 1),
(38, 'sarip.pangsayan', 'prof123', 'Prof. Sarip Pangsayan', 'faculty', NOW(), NOW(), 1),
(39, 'sheilu.wawa', 'prof123', 'Prof. Sheilu Amor Wawa', 'faculty', NOW(), NOW(), 1),
(40, 'ken.malunes', 'prof123', 'Prof. Ken Malunes', 'faculty', NOW(), NOW(), 1),
(41, 'marygrace.ibay', 'prof123', 'Prof. Mary Grace Ibay', 'faculty', NOW(), NOW(), 1),
(42, 'it1a_class', 'class123', 'IT 1A Class Account', 'class', NOW(), NOW(), 1),
(43, 'it1b_class', 'class123', 'IT 1B Class Account', 'class', NOW(), NOW(), 1),
(44, 'it2a_class', 'class123', 'IT 2A Class Account', 'class', NOW(), NOW(), 1),
(45, 'it2b_class', 'class123', 'IT 2B Class Account', 'class', NOW(), NOW(), 1),
(46, 'it3a_class', 'class123', 'IT 3A Class Account', 'class', NOW(), NOW(), 1),
(47, 'it3b_class', 'class123', 'IT 3B Class Account', 'class', NOW(), NOW(), 1),
(48, 'it4a_class', 'class123', 'IT 4A Class Account', 'class', NOW(), NOW(), 1),
(49, 'it4b_class', 'class123', 'IT 4B Class Account', 'class', NOW(), NOW(), 1),
(50, 'is1a_class', 'class123', 'IS 1A Class Account', 'class', NOW(), NOW(), 1),
(51, 'is1b_class', 'class123', 'IS 1B Class Account', 'class', NOW(), NOW(), 1),
(52, 'is2a_class', 'class123', 'IS 2A Class Account', 'class', NOW(), NOW(), 1),
(53, 'is2b_class', 'class123', 'IS 2B Class Account', 'class', NOW(), NOW(), 1),
(54, 'is3a_class', 'class123', 'IS 3A Class Account', 'class', NOW(), NOW(), 1),
(55, 'is3b_class', 'class123', 'IS 3B Class Account', 'class', NOW(), NOW(), 1),
(56, 'is4a_class', 'class123', 'IS 4A Class Account', 'class', NOW(), NOW(), 1),
(57, 'is4b_class', 'class123', 'IS 4B Class Account', 'class', NOW(), NOW(), 1);

INSERT INTO `faculty` (`faculty_id`, `user_id`, `employee_id`, `program`, `current_location`, `last_location_update`, `last_activity`, `office_hours`, `contact_email`, `contact_phone`, `status`, `created_at`, `updated_at`, `is_active`) VALUES 
(1, 2, 'CHAIR-001', 'Information Technology', 'Dean Office - IT Building', NOW(), NOW(), '8:00 AM - 5:00 PM', 'chair.it@sksu.edu.ph', '09123456789', 'Available', NOW(), NOW(), 0),
(2, 3, 'CHAIR-002', 'Information Systems', 'Dean Office - IS Building', NOW(), NOW(), '8:00 AM - 5:00 PM', 'chair.is@sksu.edu.ph', '09123456788', 'Available', NOW(), NOW(), 0),
(3, 4, 'EMP-0001', 'Information Technology', 'Faculty Room A', NOW(), NOW(), '8:00 AM - 5:00 PM', 'alexis.apresto@sksu.edu.ph', '09123456701', 'Available', NOW(), NOW(), 0),
(4, 5, 'EMP-0002', 'Information Technology', 'Faculty Room B', NOW(), NOW(), '8:00 AM - 5:00 PM', 'benedict.rabut@sksu.edu.ph', '09123456702', 'Available', NOW(), NOW(), 0),
(5, 6, 'EMP-0003', 'Information Systems', 'Faculty Room C', NOW(), NOW(), '8:00 AM - 5:00 PM', 'cecilia.gener@sksu.edu.ph', '09123456703', 'Available', NOW(), NOW(), 0),
(6, 7, 'EMP-0004', 'Information Technology', 'Faculty Room D', NOW(), NOW(), '8:00 AM - 5:00 PM', 'cerilo.rubin@sksu.edu.ph', '09123456704', 'Available', NOW(), NOW(), 0),
(7, 8, 'EMP-0005', 'Information Systems', 'Faculty Room E', NOW(), NOW(), '8:00 AM - 5:00 PM', 'cyrus.rael@sksu.edu.ph', '09123456705', 'Available', NOW(), NOW(), 0),
(8, 9, 'EMP-0006', 'Information Technology', 'Faculty Room F', NOW(), NOW(), '8:00 AM - 5:00 PM', 'elbren.antonio@sksu.edu.ph', '09123456706', 'Available', NOW(), NOW(), 0),
(9, 10, 'EMP-0007', 'Information Systems', 'Faculty Room G', NOW(), NOW(), '8:00 AM - 5:00 PM', 'elmer.buenavides@sksu.edu.ph', '09123456707', 'Available', NOW(), NOW(), 0),
(10, 11, 'EMP-0008', 'Information Technology', 'Faculty Room H', NOW(), NOW(), '8:00 AM - 5:00 PM', 'esnehara.bagundang@sksu.edu.ph', '09123456708', 'Available', NOW(), NOW(), 0),
(11, 12, 'EMP-0009', 'Information Systems', 'Faculty Room I', NOW(), NOW(), '8:00 AM - 5:00 PM', 'florlyn.remegio@sksu.edu.ph', '09123456709', 'Available', NOW(), NOW(), 0),
(12, 13, 'EMP-0010', 'Information Technology', 'Faculty Room J', NOW(), NOW(), '8:00 AM - 5:00 PM', 'gerold.delapena@sksu.edu.ph', '09123456710', 'Available', NOW(), NOW(), 0),
(13, 14, 'EMP-0011', 'Information Systems', 'Faculty Room K', NOW(), NOW(), '8:00 AM - 5:00 PM', 'gregorio.ilao@sksu.edu.ph', '09123456711', 'Available', NOW(), NOW(), 0),
(14, 15, 'EMP-0012', 'Information Technology', 'Faculty Room L', NOW(), NOW(), '8:00 AM - 5:00 PM', 'ivy.madriaga@sksu.edu.ph', '09123456712', 'Available', NOW(), NOW(), 0),
(15, 16, 'EMP-0013', 'Information Systems', 'Faculty Room M', NOW(), NOW(), '8:00 AM - 5:00 PM', 'jaymark.arendain@sksu.edu.ph', '09123456713', 'Available', NOW(), NOW(), 0),
(16, 17, 'EMP-0014', 'Information Technology', 'Faculty Room N', NOW(), NOW(), '8:00 AM - 5:00 PM', 'joe.selayro@sksu.edu.ph', '09123456714', 'Available', NOW(), NOW(), 0),
(17, 18, 'EMP-0015', 'Information Systems', 'Faculty Room O', NOW(), NOW(), '8:00 AM - 5:00 PM', 'kristine.ampas@sksu.edu.ph', '09123456715', 'Available', NOW(), NOW(), 0),
(18, 19, 'EMP-0016', 'Information Technology', 'Faculty Room P', NOW(), NOW(), '8:00 AM - 5:00 PM', 'kyrene.dizon@sksu.edu.ph', '09123456716', 'Available', NOW(), NOW(), 0),
(19, 20, 'EMP-0017', 'Information Systems', 'Faculty Room Q', NOW(), NOW(), '8:00 AM - 5:00 PM', 'marhodora.gallo@sksu.edu.ph', '09123456717', 'Available', NOW(), NOW(), 0),
(20, 21, 'EMP-0018', 'Information Technology', 'Faculty Room R', NOW(), NOW(), '8:00 AM - 5:00 PM', 'markjovic.daday@sksu.edu.ph', '09123456718', 'Available', NOW(), NOW(), 0),
(21, 22, 'EMP-0019', 'Information Systems', 'Faculty Room S', NOW(), NOW(), '8:00 AM - 5:00 PM', 'marygrace.perocho@sksu.edu.ph', '09123456719', 'Available', NOW(), NOW(), 0),
(22, 23, 'EMP-0020', 'Information Technology', 'Faculty Room T', NOW(), NOW(), '8:00 AM - 5:00 PM', 'romaamor.prades@sksu.edu.ph', '09123456720', 'Available', NOW(), NOW(), 0),
(23, 24, 'EMP-0021', 'Information Systems', 'Faculty Room U', NOW(), NOW(), '8:00 AM - 5:00 PM', 'velessa.dulin@sksu.edu.ph', '09123456721', 'Available', NOW(), NOW(), 0),
(24, 25, 'EMP-0022', 'Information Technology', 'Faculty Room V', NOW(), NOW(), '8:00 AM - 5:00 PM', 'zius.apresto@sksu.edu.ph', '09123456722', 'Available', NOW(), NOW(), 0),
(25, 26, 'EMP-0023', 'Information Systems', 'Faculty Room W', NOW(), NOW(), '8:00 AM - 5:00 PM', 'charlu.pemintel@sksu.edu.ph', '09123456723', 'Available', NOW(), NOW(), 0),
(26, 27, 'EMP-0024', 'Information Technology', 'Faculty Room X', NOW(), NOW(), '8:00 AM - 5:00 PM', 'doreen.tampus@sksu.edu.ph', '09123456724', 'Available', NOW(), NOW(), 0),
(27, 28, 'EMP-0025', 'Information Systems', 'Faculty Room Y', NOW(), NOW(), '8:00 AM - 5:00 PM', 'edralin.mesias@sksu.edu.ph', '09123456725', 'Available', NOW(), NOW(), 0),
(28, 29, 'EMP-0026', 'Information Technology', 'Faculty Room Z', NOW(), NOW(), '8:00 AM - 5:00 PM', 'eulogio.apellido@sksu.edu.ph', '09123456726', 'Available', NOW(), NOW(), 0),
(29, 30, 'EMP-0027', 'Information Systems', 'Faculty Room AA', NOW(), NOW(), '8:00 AM - 5:00 PM', 'johnty.ventilacion@sksu.edu.ph', '09123456727', 'Available', NOW(), NOW(), 0),
(30, 31, 'EMP-0028', 'Information Technology', 'Faculty Room BB', NOW(), NOW(), '8:00 AM - 5:00 PM', 'lowell.espinosa@sksu.edu.ph', '09123456728', 'Available', NOW(), NOW(), 0),
(31, 32, 'EMP-0029', 'Information Systems', 'Faculty Room CC', NOW(), NOW(), '8:00 AM - 5:00 PM', 'maryrolanne.fuentes@sksu.edu.ph', '09123456729', 'Available', NOW(), NOW(), 0),
(32, 33, 'EMP-0030', 'Information Technology', 'Faculty Room DD', NOW(), NOW(), '8:00 AM - 5:00 PM', 'marygrace.bialen@sksu.edu.ph', '09123456730', 'Available', NOW(), NOW(), 0),
(33, 34, 'EMP-0031', 'Information Systems', 'Faculty Room EE', NOW(), NOW(), '8:00 AM - 5:00 PM', 'maryjoy.carnazo@sksu.edu.ph', '09123456731', 'Available', NOW(), NOW(), 0),
(34, 35, 'EMP-0032', 'Information Technology', 'Faculty Room FF', NOW(), NOW(), '8:00 AM - 5:00 PM', 'may.gallano@sksu.edu.ph', '09123456732', 'Available', NOW(), NOW(), 0),
(35, 36, 'EMP-0033', 'Information Systems', 'Faculty Room GG', NOW(), NOW(), '8:00 AM - 5:00 PM', 'nora.moya@sksu.edu.ph', '09123456733', 'Available', NOW(), NOW(), 0),
(36, 37, 'EMP-0034', 'Information Technology', 'Faculty Room HH', NOW(), NOW(), '8:00 AM - 5:00 PM', 'pal.salvador@sksu.edu.ph', '09123456734', 'Available', NOW(), NOW(), 0),
(37, 38, 'EMP-0035', 'Information Systems', 'Faculty Room II', NOW(), NOW(), '8:00 AM - 5:00 PM', 'sarip.pangsayan@sksu.edu.ph', '09123456735', 'Available', NOW(), NOW(), 0),
(38, 39, 'EMP-0036', 'Information Technology', 'Faculty Room JJ', NOW(), NOW(), '8:00 AM - 5:00 PM', 'sheilu.wawa@sksu.edu.ph', '09123456736', 'Available', NOW(), NOW(), 0),
(39, 40, 'EMP-0037', 'Information Systems', 'Faculty Room KK', NOW(), NOW(), '8:00 AM - 5:00 PM', 'ken.malunes@sksu.edu.ph', '09123456737', 'Available', NOW(), NOW(), 0),
(40, 41, 'EMP-0038', 'Information Technology', 'Faculty Room LL', NOW(), NOW(), '8:00 AM - 5:00 PM', 'marygrace.ibay@sksu.edu.ph', '09123456738', 'Available', NOW(), NOW(), 0);

INSERT INTO `classes` VALUES 
(1, 42, 'IT-1A', 'Information Technology 2023-2024', 1, '1st', '2023-24', 2, NOW(), NOW(), 1),
(2, 43, 'IT-1B', 'Information Technology 2023-2024', 1, '1st', '2023-24', 2, NOW(), NOW(), 1),
(3, 44, 'IT-2A', 'Information Technology 2022-2023', 2, '1st', '2023-24', 2, NOW(), NOW(), 1),
(4, 45, 'IT-2B', 'Information Technology 2022-2023', 2, '1st', '2023-24', 2, NOW(), NOW(), 1),
(5, 46, 'IT-3A', 'Information Technology 2021-2022', 3, '1st', '2023-24', 2, NOW(), NOW(), 1),
(6, 47, 'IT-3B', 'Information Technology 2021-2022', 3, '1st', '2023-24', 2, NOW(), NOW(), 1),
(7, 48, 'IT-4A', 'Information Technology 2020-2021', 4, '1st', '2023-24', 2, NOW(), NOW(), 1),
(8, 49, 'IT-4B', 'Information Technology 2020-2021', 4, '1st', '2023-24', 2, NOW(), NOW(), 1),
(9, 50, 'IS-1A', 'Information Systems 2023-2024', 1, '1st', '2023-24', 3, NOW(), NOW(), 1),
(10, 51, 'IS-1B', 'Information Systems 2023-2024', 1, '1st', '2023-24', 3, NOW(), NOW(), 1),
(11, 52, 'IS-2A', 'Information Systems 2022-2023', 2, '1st', '2023-24', 3, NOW(), NOW(), 1),
(12, 53, 'IS-2B', 'Information Systems 2022-2023', 2, '1st', '2023-24', 3, NOW(), NOW(), 1),
(13, 54, 'IS-3A', 'Information Systems 2021-2022', 3, '1st', '2023-24', 3, NOW(), NOW(), 1),
(14, 55, 'IS-3B', 'Information Systems 2021-2022', 3, '1st', '2023-24', 3, NOW(), NOW(), 1),
(15, 56, 'IS-4A', 'Information Systems 2020-2021', 4, '1st', '2023-24', 3, NOW(), NOW(), 1),
(16, 57, 'IS-4B', 'Information Systems 2020-2021', 4, '1st', '2023-24', 3, NOW(), NOW(), 1);

INSERT INTO `programs` VALUES 
(1, 'CS', 'Computer Science', 'Bachelor of Science in Computer Science', 1, NOW(), NOW()),
(2, 'IT', 'Information Technology', 'Bachelor of Science in Information Technology', 1, NOW(), NOW()),
(3, 'IS', 'Information Systems', 'Bachelor of Science in Information Systems', 1, NOW(), NOW()),
(4, 'ENG', 'Engineering', 'Bachelor of Science in Engineering', 1, NOW(), NOW()),
(5, 'BA', 'Business Administration', 'Bachelor of Science in Business Administration', 1, NOW(), NOW()),
(6, 'EDU', 'Education', 'Bachelor of Science in Education', 1, NOW(), NOW());

INSERT INTO `courses` VALUES 
(1, 'CC111', 'Introduction to Computing', 3.00, 2, NOW(), NOW(), 1),
(2, 'CC112', 'Computer Programming 1', 3.00, 2, NOW(), NOW(), 1),
(3, 'CC113', 'Computer Programming 2', 3.00, 2, NOW(), NOW(), 1),
(4, 'CC114', 'Data Structures and Algorithms', 3.00, 2, NOW(), NOW(), 1),
(5, 'CC115', 'Information Management', 3.00, 2, NOW(), NOW(), 1),
(6, 'CC116', 'Application Development and Emerging Technologies', 3.00, 2, NOW(), NOW(), 1),
(7, 'MS121', 'Discrete Mathematics', 3.00, 2, NOW(), NOW(), 1),
(8, 'IM121', 'Fundamentals of Database Systems', 3.00, 2, NOW(), NOW(), 1),
(9, 'ACCTG111', 'Financial Accounting and Reporting', 3.00, 2, NOW(), NOW(), 1),
(10, 'APC211', 'Graphics and Multimedia Systems', 3.00, 2, NOW(), NOW(), 1),
(11, 'PF211', 'Object-Oriented Programming', 3.00, 2, NOW(), NOW(), 1),
(12, 'PT212', 'Platform Technologies', 3.00, 2, NOW(), NOW(), 1),
(13, 'WS213', 'Web Systems and Technologies', 3.00, 2, NOW(), NOW(), 1),
(14, 'FIN212', 'Financial Management', 3.00, 2, NOW(), NOW(), 1),
(15, 'HCI221', 'Introduction to Human Computer Interaction', 3.00, 2, NOW(), NOW(), 1),
(16, 'IM223', 'Advanced Database Systems', 3.00, 2, NOW(), NOW(), 1),
(17, 'IPT225', 'Integrative Programming and Technologies 1', 3.00, 2, NOW(), NOW(), 1),
(18, 'PF221', 'Event-Driven Programming', 3.00, 2, NOW(), NOW(), 1),
(19, 'STAT003', 'Statistics with Computer Application', 3.00, 2, NOW(), NOW(), 1),
(20, 'AT316', 'Digital Design', 3.00, 2, NOW(), NOW(), 1),
(21, 'IAS314', 'Information Assurance and Security 1', 3.00, 2, NOW(), NOW(), 1),
(22, 'IPT313', 'Integrative Programming and Technologies 2', 3.00, 2, NOW(), NOW(), 1),
(23, 'MS312', 'Quantitative Methods (Including Modelling and Simulation)', 3.00, 2, NOW(), NOW(), 1),
(24, 'NET311', 'Networking 1', 3.00, 2, NOW(), NOW(), 1),
(25, 'SIA317', 'Systems Integration and Architecture 1', 3.00, 2, NOW(), NOW(), 1),
(26, 'AT324', 'Embedded Systems', 3.00, 2, NOW(), NOW(), 1),
(27, 'AT327', 'Mobile Computing', 3.00, 2, NOW(), NOW(), 1),
(28, 'CAP325', 'Capstone Project and Research 1', 3.00, 2, NOW(), NOW(), 1),
(29, 'ENG001', 'Advanced Technical Writing', 3.00, 2, NOW(), NOW(), 1),
(30, 'FTS321', 'Field Trip and Seminar', 3.00, 2, NOW(), NOW(), 1),
(31, 'IAS322', 'Information Assurance and Security 2', 3.00, 2, NOW(), NOW(), 1),
(32, 'NET321', 'Networking 2', 3.00, 2, NOW(), NOW(), 1),
(33, 'SP326', 'Social and Professional Issues', 3.00, 2, NOW(), NOW(), 1),
(34, 'PRACTI101', 'Practicum (486 hours)', 6.00, 2, NOW(), NOW(), 1),
(35, 'CAP420', 'Capstone Project and Research 2', 3.00, 2, NOW(), NOW(), 1),
(36, 'SA421', 'System Administration and Maintenance', 3.00, 2, NOW(), NOW(), 1),
(37, 'GE701', 'Mathematics in the Modern World', 3.00, NULL, NOW(), NOW(), 1),
(38, 'GE702', 'Purposive Communication', 3.00, NULL, NOW(), NOW(), 1),
(39, 'GE703', 'Ethics', 3.00, NULL, NOW(), NOW(), 1),
(40, 'GE704', 'Science, Technology and Society', 3.00, NULL, NOW(), NOW(), 1),
(41, 'GE705', 'The Contemporary World', 3.00, NULL, NOW(), NOW(), 1),
(42, 'GE706', 'Art Appreciation', 3.00, NULL, NOW(), NOW(), 1),
(43, 'GE707', 'Readings in Philippine History', 3.00, NULL, NOW(), NOW(), 1),
(44, 'GE708', 'Understanding the Self', 3.00, NULL, NOW(), NOW(), 1),
(45, 'GE709', 'The Life and Works of Jose Rizal', 3.00, NULL, NOW(), NOW(), 1),
(46, 'GE711', 'Culture of Mindanao', 3.00, NULL, NOW(), NOW(), 1),
(47, 'GE712', 'Gender and Society', 3.00, NULL, NOW(), NOW(), 1),
(48, 'PE101', 'Physical Fitness and Self-Testing Activities', 2.00, NULL, NOW(), NOW(), 1),
(49, 'PE102', 'Rhythmic Activities', 2.00, NULL, NOW(), NOW(), 1),
(50, 'PE103', 'Recreational Activities', 2.00, NULL, NOW(), NOW(), 1),
(51, 'PE104', 'Team Sports', 2.00, NULL, NOW(), NOW(), 1),
(52, 'NSTP102', 'National Service Training Program 2', 3.00, NULL, NOW(), NOW(), 1),
(53, 'ACCTG121', 'Basic Accounting for Partnership and Corporate Entities', 3.00, 3, NOW(), NOW(), 1),
(54, 'ELECT1', 'Elective 1 (Customer Relationship Management)', 3.00, 3, NOW(), NOW(), 1),
(55, 'ELECT2', 'Elective 2 (Data Mining)', 3.00, 3, NOW(), NOW(), 1),
(56, 'ELECT3', 'Elective 3 (Supply Chain Management)', 3.00, 3, NOW(), NOW(), 1),
(57, 'ELECT4', 'Elective 4(Business Intelligence)', 3.00, 3, NOW(), NOW(), 1),
(58, 'IS111', 'Fundamentals of Information Systems', 3.00, 3, NOW(), NOW(), 1),
(59, 'IS121', 'Organization and Managements Concepts', 3.00, 3, NOW(), NOW(), 1),
(60, 'IS122', 'IT Infrastructure and Network Technology', 3.00, 3, NOW(), NOW(), 1),
(61, 'IS221', 'Systems Analysis and Design', 3.00, 3, NOW(), NOW(), 1),
(62, 'IS222', 'Enterprise Architecture', 3.00, 3, NOW(), NOW(), 1),
(63, 'IS223', 'Business Process and Management', 3.00, 3, NOW(), NOW(), 1),
(64, 'IS311', 'Evaluation of Business Performance', 3.00, 3, NOW(), NOW(), 1),
(65, 'IS312', 'System Infrastructure and Integration', 3.00, 3, NOW(), NOW(), 1),
(66, 'IS313', 'IS Project Management 1', 3.00, 3, NOW(), NOW(), 1),
(67, 'IS314', 'Professional Issues in Information Systems', 3.00, 3, NOW(), NOW(), 1),
(68, 'IS321', 'Management Information Systems', 3.00, 3, NOW(), NOW(), 1),
(69, 'IS322', 'Capstone Project I', 3.00, 3, NOW(), NOW(), 1),
(70, 'IS323', 'Quantitative Methods', 3.00, 3, NOW(), NOW(), 1),
(71, 'IS324', 'Information Systems Policy', 3.00, 3, NOW(), NOW(), 1),
(72, 'IS411', 'IS Strategy, Management and Acquisition', 3.00, 3, NOW(), NOW(), 1),
(73, 'IS412', 'Capstone Project 2', 3.00, 3, NOW(), NOW(), 1),
(74, 'IS421', 'Practicum for Information Systems (486 hours)', 6.00, 3, NOW(), NOW(), 1);

INSERT INTO `curriculum` VALUES 
(1, 'CC112', 1, '1st', 2, NOW(), NOW(), 1),
(2, 'CC111', 1, '1st', 2, NOW(), NOW(), 1),
(3, 'GE701', 1, '1st', 2, NOW(), NOW(), 1),
(4, 'GE708', 1, '1st', 2, NOW(), NOW(), 1),
(5, 'GE702', 1, '1st', 2, NOW(), NOW(), 1),
(6, 'GE707', 1, '1st', 2, NOW(), NOW(), 1),
(7, 'PE101', 1, '1st', 2, NOW(), NOW(), 1),
(8, 'CC113', 1, '2nd', 2, NOW(), NOW(), 1),
(9, 'GE704', 1, '2nd', 2, NOW(), NOW(), 1),
(10, 'GE712', 1, '2nd', 2, NOW(), NOW(), 1),
(11, 'GE705', 1, '2nd', 2, NOW(), NOW(), 1),
(12, 'MS121', 1, '2nd', 2, NOW(), NOW(), 1),
(13, 'IM121', 1, '2nd', 2, NOW(), NOW(), 1),
(14, 'NSTP102', 1, '2nd', 2, NOW(), NOW(), 1),
(15, 'PE102', 1, '2nd', 2, NOW(), NOW(), 1),
(16, 'ACCTG111', 2, '1st', 2, NOW(), NOW(), 1),
(17, 'APC211', 2, '1st', 2, NOW(), NOW(), 1),
(18, 'CC114', 2, '1st', 2, NOW(), NOW(), 1),
(19, 'CC115', 2, '1st', 2, NOW(), NOW(), 1),
(20, 'PE103', 2, '1st', 2, NOW(), NOW(), 1),
(21, 'PF211', 2, '1st', 2, NOW(), NOW(), 1),
(22, 'PT212', 2, '1st', 2, NOW(), NOW(), 1),
(23, 'WS213', 2, '1st', 2, NOW(), NOW(), 1),
(24, 'FIN212', 2, '2nd', 2, NOW(), NOW(), 1),
(25, 'HCI221', 2, '2nd', 2, NOW(), NOW(), 1),
(26, 'IM223', 2, '2nd', 2, NOW(), NOW(), 1),
(27, 'IPT225', 2, '2nd', 2, NOW(), NOW(), 1),
(28, 'PE104', 2, '2nd', 2, NOW(), NOW(), 1),
(29, 'PF221', 2, '2nd', 2, NOW(), NOW(), 1),
(30, 'STAT003', 2, '2nd', 2, NOW(), NOW(), 1),
(31, 'AT316', 3, '1st', 2, NOW(), NOW(), 1),
(32, 'CC116', 3, '1st', 2, NOW(), NOW(), 1),
(33, 'IAS314', 3, '1st', 2, NOW(), NOW(), 1),
(34, 'IPT313', 3, '1st', 2, NOW(), NOW(), 1),
(35, 'MS312', 3, '1st', 2, NOW(), NOW(), 1),
(36, 'NET311', 3, '1st', 2, NOW(), NOW(), 1),
(37, 'SIA317', 3, '1st', 2, NOW(), NOW(), 1),
(38, 'AT324', 3, '2nd', 2, NOW(), NOW(), 1),
(39, 'AT327', 3, '2nd', 2, NOW(), NOW(), 1),
(40, 'CAP325', 3, '2nd', 2, NOW(), NOW(), 1),
(41, 'ENG001', 3, '2nd', 2, NOW(), NOW(), 1),
(42, 'FTS321', 3, '2nd', 2, NOW(), NOW(), 1),
(43, 'IAS322', 3, '2nd', 2, NOW(), NOW(), 1),
(44, 'NET321', 3, '2nd', 2, NOW(), NOW(), 1),
(45, 'SP326', 3, '2nd', 2, NOW(), NOW(), 1),
(46, 'PRACTI101', 4, '1st', 2, NOW(), NOW(), 1),
(47, 'CAP420', 4, '2nd', 2, NOW(), NOW(), 1),
(48, 'GE703', 4, '2nd', 2, NOW(), NOW(), 1),
(49, 'GE706', 4, '2nd', 2, NOW(), NOW(), 1),
(50, 'GE709', 4, '2nd', 2, NOW(), NOW(), 1),
(51, 'GE711', 4, '2nd', 2, NOW(), NOW(), 1),
(52, 'SA421', 4, '2nd', 2, NOW(), NOW(), 1),
(53, 'ACCTG111', 1, '1st', 3, NOW(), NOW(), 1),
(54, 'CC111', 1, '1st', 3, NOW(), NOW(), 1),
(55, 'CC112', 1, '1st', 3, NOW(), NOW(), 1),
(56, 'GE701', 1, '1st', 3, NOW(), NOW(), 1),
(57, 'GE708', 1, '1st', 3, NOW(), NOW(), 1),
(59, 'IS111', 1, '1st', 3, NOW(), NOW(), 1),
(61, 'PE101', 1, '1st', 3, NOW(), NOW(), 1),
(62, 'ACCTG121', 1, '2nd', 3, NOW(), NOW(), 1),
(63, 'CC113', 1, '2nd', 3, NOW(), NOW(), 1),
(64, 'GE702', 1, '2nd', 3, NOW(), NOW(), 1),
(65, 'GE707', 1, '2nd', 3, NOW(), NOW(), 1),
(67, 'IS121', 1, '2nd', 3, NOW(), NOW(), 1),
(68, 'IS122', 1, '2nd', 3, NOW(), NOW(), 1),
(69, 'NSTP102', 1, '2nd', 3, NOW(), NOW(), 1),
(70, 'PE102', 1, '2nd', 3, NOW(), NOW(), 1),
(71, 'CC114', 2, '1st', 3, NOW(), NOW(), 1),
(72, 'ELECT1', 2, '1st', 3, NOW(), NOW(), 1),
(73, 'FIN212', 2, '1st', 3, NOW(), NOW(), 1),
(74, 'GE704', 2, '1st', 3, NOW(), NOW(), 1),
(75, 'GE703', 2, '1st', 3, NOW(), NOW(), 1),
(76, 'GE706', 2, '1st', 3, NOW(), NOW(), 1),
(77, 'GE709', 2, '1st', 3, NOW(), NOW(), 1),
(78, 'PE103', 2, '1st', 3, NOW(), NOW(), 1),
(79, 'CC115', 2, '2nd', 3, NOW(), NOW(), 1),
(80, 'ELECT2', 2, '2nd', 3, NOW(), NOW(), 1),
(81, 'IS221', 2, '2nd', 3, NOW(), NOW(), 1),
(82, 'IS222', 2, '2nd', 3, NOW(), NOW(), 1),
(83, 'IS223', 2, '2nd', 3, NOW(), NOW(), 1),
(84, 'PE104', 2, '2nd', 3, NOW(), NOW(), 1),
(85, 'STAT003', 2, '2nd', 3, NOW(), NOW(), 1),
(86, 'ELECT3', 3, '1st', 3, NOW(), NOW(), 1),
(87, 'GE705', 3, '1st', 3, NOW(), NOW(), 1),
(88, 'IS311', 3, '1st', 3, NOW(), NOW(), 1),
(89, 'IS312', 3, '1st', 3, NOW(), NOW(), 1),
(90, 'IS313', 3, '1st', 3, NOW(), NOW(), 1),
(91, 'IS314', 3, '1st', 3, NOW(), NOW(), 1),
(92, 'IS323', 3, '1st', 3, NOW(), NOW(), 1),
(93, 'ELECT4', 3, '2nd', 3, NOW(), NOW(), 1),
(94, 'ENG001', 3, '2nd', 3, NOW(), NOW(), 1),
(95, 'FTS321', 3, '2nd', 3, NOW(), NOW(), 1),
(96, 'IS321', 3, '2nd', 3, NOW(), NOW(), 1),
(97, 'IS322', 3, '2nd', 3, NOW(), NOW(), 1),
(98, 'IS324', 3, '2nd', 3, NOW(), NOW(), 1),
(99, 'CC116', 4, '1st', 3, NOW(), NOW(), 1),
(100, 'GE712', 4, '1st', 3, NOW(), NOW(), 1),
(101, 'GE711', 4, '1st', 3, NOW(), NOW(), 1),
(102, 'IS411', 4, '1st', 3, NOW(), NOW(), 1),
(103, 'IS412', 4, '1st', 3, NOW(), NOW(), 1),
(104, 'IS421', 4, '2nd', 3, NOW(), NOW(), 1);

INSERT INTO `announcements` VALUES 
(1, 'Welcome to FaculTrack System', 'The new FaculTrack system is now live. All users can access their respective dashboards using their assigned credentials.', 'medium', 'all', 1, NOW(), NOW(), 1),
(2, 'Academic Year 2024-2025 Guidelines', 'Please review the updated academic guidelines for the current academic year. All policies are now available in the system.', 'high', 'all', 1, NOW(), NOW(), 1),
(3, 'Emergency Contact Information', 'Updated emergency contact numbers are now available. Please check your profile settings for the latest information.', 'low', 'all', 1, NOW(), NOW(), 1),
(4, 'Faculty Meeting - Monthly Assembly', 'All faculty members are required to attend the monthly faculty meeting on Friday, 2:00 PM in the Conference Room.', 'high', 'faculty', 1, NOW(), NOW(), 1),
(5, 'Professional Development Workshop', 'A workshop on modern teaching methodologies will be held next month. Registration is now open for all faculty members.', 'low', 'faculty', 1, NOW(), NOW(), 1),
(6, 'Schedule Assignment Deadline', 'Program Chairs must finalize all class schedules and faculty assignments by the end of this week.', 'high', 'program_chairs', 1, NOW(), NOW(), 1),
(7, 'Budget Planning Meeting', 'Department budget planning session scheduled for next Tuesday at 10:00 AM. Attendance is mandatory for all Program Chairs.', 'high', 'program_chairs', 1, NOW(), NOW(), 1),
(8, 'Curriculum Review Process', 'Annual curriculum review process begins next month. Please prepare necessary documentation and recommendations.', 'medium', 'program_chairs', 1, NOW(), NOW(), 1);

CREATE INDEX idx_users_username ON users(username);
CREATE INDEX idx_users_role ON users(role);
CREATE INDEX idx_faculty_program ON faculty(program);
CREATE INDEX idx_faculty_employee ON faculty(employee_id);
CREATE INDEX idx_classes_chair ON classes(program_chair_id);
CREATE INDEX idx_classes_year ON classes(year_level);
CREATE INDEX idx_programs_code ON programs(program_code);
CREATE INDEX idx_programs_active ON programs(is_active);
CREATE INDEX idx_courses_code ON courses(course_code);
CREATE INDEX idx_courses_active ON courses(is_active);
CREATE INDEX idx_courses_program ON courses(program_id);
CREATE INDEX idx_schedules_course ON schedules(course_code);
CREATE INDEX idx_schedules_class_faculty ON schedules(class_id, faculty_id);
CREATE INDEX idx_schedules_time ON schedules(days, time_start, time_end);
CREATE INDEX idx_schedules_active ON schedules(is_active);
CREATE INDEX idx_announcements_target ON announcements(target_audience, created_at);
CREATE INDEX idx_announcements_active ON announcements(is_active);

COMMIT;